                  epoch,         train/box_loss,         train/cls_loss,         train/dfl_loss,   metrics/precision(B),      metrics/recall(B),       metrics/mAP50(B),    metrics/mAP50-95(B),           val/box_loss,           val/cls_loss,           val/dfl_loss,                 lr/pg0,                 lr/pg1,                 lr/pg2
                      1,                 1.9904,                 3.3519,                 1.4645,                0.01518,                0.98857,                0.73082,                0.33642,                 1.6064,                 3.0699,                 1.0985,                 0.0002,                 0.0002,                 0.0002
                      2,                 1.6681,                 1.6305,                 1.2029,                0.01447,                0.94286,                0.79788,                0.35877,                 1.6048,                 2.9439,                 1.0955,             0.00041792,             0.00041792,             0.00041792
                      3,                 1.5913,                 1.2865,                 1.2192,                0.01474,                   0.96,                 0.6689,                0.35254,                 1.4786,                 2.8872,                 1.1078,             0.00063366,             0.00063366,             0.00063366
                      4,                 1.5697,                 1.1419,                 1.2127,                0.01714,                   0.96,                0.79108,                0.44833,                 1.4506,                 2.7086,                 1.1375,             0.00084723,             0.00084723,             0.00084723
                      5,                 1.5767,                 1.1198,                 1.2323,                      1,                0.36831,                0.94663,                0.53784,                 1.4847,                  2.373,                 1.1554,              0.0010586,              0.0010586,              0.0010586
                      6,                 1.5416,                 1.0545,                 1.2345,                0.99297,                0.80707,                0.97109,                0.54398,                  1.471,                 1.9157,                  1.142,              0.0012678,              0.0012678,              0.0012678
                      7,                 1.5015,                0.97994,                 1.1969,                 0.9868,                0.93143,                0.98146,                0.53977,                 1.5445,                 1.5428,                 1.1834,              0.0014749,              0.0014749,              0.0014749
                      8,                 1.5747,                0.99133,                 1.2414,                0.93017,                0.91338,                0.94476,                0.49818,                 1.5364,                 1.3522,                 1.2056,              0.0016797,              0.0016797,              0.0016797
                      9,                 1.5096,                0.98617,                 1.2152,                0.94623,                0.90509,                0.95036,                  0.515,                 1.5736,                 1.2882,                  1.219,              0.0018824,              0.0018824,              0.0018824
                     10,                 1.4786,                0.93605,                 1.1801,                0.95485,                0.96687,                0.97217,                0.53389,                  1.534,                 1.0784,                  1.173,              0.0019109,              0.0019109,              0.0019109
                     11,                 1.5441,                0.92213,                 1.2265,                0.95403,                0.94883,                0.98532,                0.51068,                 1.6881,                 1.0338,                 1.2752,               0.001901,               0.001901,               0.001901
                     12,                 1.5825,                0.93102,                 1.2471,                0.94778,                0.93336,                0.97654,                0.52778,                 1.5851,                0.91491,                 1.2038,              0.0018911,              0.0018911,              0.0018911
                     13,                 1.5171,                0.88873,                 1.2248,                0.93669,                0.94857,                0.95785,                0.54175,                 1.5152,                0.86262,                 1.1798,              0.0018812,              0.0018812,              0.0018812
                     14,                 1.4917,                0.83198,                 1.1814,                0.94996,                0.90286,                0.92509,                0.52068,                 1.5003,                0.96446,                 1.1506,              0.0018713,              0.0018713,              0.0018713
                     15,                 1.4141,                0.81031,                 1.1622,                0.94303,                0.94596,                0.97128,                0.54672,                 1.5043,                0.79107,                 1.1674,              0.0018614,              0.0018614,              0.0018614
                     16,                 1.4683,                0.81277,                 1.1887,                 0.9826,                0.96816,                0.98644,                0.55761,                  1.471,                0.76615,                 1.1869,              0.0018515,              0.0018515,              0.0018515
                     17,                 1.4728,                 0.8179,                 1.1915,                0.98253,                0.96413,                  0.983,                0.58118,                 1.4331,                0.78436,                  1.162,              0.0018416,              0.0018416,              0.0018416
                     18,                 1.4382,                0.79226,                 1.1759,                0.93919,                0.94286,                0.98098,                0.55192,                 1.5065,                0.76569,                 1.1979,              0.0018317,              0.0018317,              0.0018317
                     19,                 1.4182,                0.75606,                 1.1606,                0.94513,                0.94857,                0.97855,                0.57536,                 1.4735,                0.73025,                 1.1653,              0.0018218,              0.0018218,              0.0018218
                     20,                 1.3577,                0.73311,                 1.1496,                 0.9576,                0.90348,                0.93132,                0.53531,                 1.5351,                0.76889,                 1.1806,              0.0018119,              0.0018119,              0.0018119
                     21,                  1.431,                0.77293,                 1.1572,                0.97528,                0.97143,                0.98345,                0.55685,                 1.4114,                0.68741,                 1.1506,               0.001802,               0.001802,               0.001802
                     22,                 1.3672,                0.71746,                 1.1543,                0.97506,                0.97714,                0.99211,                0.58185,                 1.4566,                0.68304,                 1.1431,              0.0017921,              0.0017921,              0.0017921
                     23,                 1.3555,                  0.706,                 1.1284,                0.98041,                0.97143,                0.98619,                 0.5812,                 1.4644,                 0.6616,                  1.144,              0.0017822,              0.0017822,              0.0017822
                     24,                 1.3786,                0.71318,                 1.1408,                0.97714,                0.97701,                0.98377,                0.57051,                 1.4456,                0.66141,                 1.1567,              0.0017723,              0.0017723,              0.0017723
                     25,                 1.3927,                0.69647,                 1.1425,                0.96568,                0.96474,                0.98001,                0.55093,                  1.575,                0.65421,                 1.1986,              0.0017624,              0.0017624,              0.0017624
                     26,                 1.3651,                0.68255,                 1.1398,                0.98293,                0.98695,                0.98169,                0.55554,                 1.4358,                0.66242,                  1.167,              0.0017525,              0.0017525,              0.0017525
                     27,                 1.4017,                0.69018,                 1.1515,                0.97263,                0.98286,                  0.984,                0.54633,                   1.48,                0.65268,                 1.1747,              0.0017426,              0.0017426,              0.0017426
                     28,                 1.3761,                 0.6798,                 1.1454,                0.98854,                0.98604,                0.98887,                0.56531,                 1.4107,                0.62129,                  1.157,              0.0017327,              0.0017327,              0.0017327
                     29,                 1.3578,                0.66564,                 1.1581,                0.97437,                0.98857,                0.98968,                0.56381,                 1.4466,                 0.6156,                   1.16,              0.0017228,              0.0017228,              0.0017228
                     30,                 1.3679,                0.65786,                 1.1463,                0.98852,                0.98412,                0.99428,                0.58065,                 1.5267,                0.59386,                 1.1823,              0.0017129,              0.0017129,              0.0017129
                     31,                 1.3712,                0.65196,                 1.1478,                0.97187,                0.98704,                0.98455,                0.56778,                 1.4831,                0.60421,                  1.179,               0.001703,               0.001703,               0.001703
                     32,                 1.3637,                0.67111,                 1.1365,                0.96297,                0.96571,                0.97982,                0.56051,                 1.5116,                0.64606,                 1.1702,              0.0016931,              0.0016931,              0.0016931
                     33,                 1.4042,                0.65872,                 1.1471,                0.97131,                0.96747,                0.97941,                0.52107,                 1.4961,                0.63752,                 1.2174,              0.0016832,              0.0016832,              0.0016832
                     34,                 1.3544,                0.63153,                 1.1394,                0.97143,                0.97145,                0.99104,                0.57286,                 1.4322,                0.55966,                 1.1516,              0.0016733,              0.0016733,              0.0016733
                     35,                 1.3133,                 0.6269,                 1.1293,                 0.9718,                0.98475,                0.99107,                0.55988,                 1.5587,                0.57039,                 1.2165,              0.0016634,              0.0016634,              0.0016634
                     36,                 1.3059,                0.61847,                 1.1133,                0.97807,                   0.96,                0.98748,                0.58352,                 1.4505,                0.55326,                 1.1558,              0.0016535,              0.0016535,              0.0016535
                     37,                  1.342,                0.61668,                 1.1122,                0.97935,                0.96571,                0.98602,                0.58296,                 1.4481,                0.58094,                 1.1534,              0.0016436,              0.0016436,              0.0016436
                     38,                 1.3472,                0.61149,                 1.1341,                0.97487,                0.97143,                0.98739,                 0.5857,                 1.4405,                0.55985,                  1.146,              0.0016337,              0.0016337,              0.0016337
                     39,                 1.2848,                0.59307,                 1.1084,                 0.9592,                0.95429,                0.98356,                0.57692,                 1.4845,                0.58658,                 1.1604,              0.0016238,              0.0016238,              0.0016238
                     40,                 1.2811,                 0.5859,                 1.1047,                0.97413,                0.95429,                 0.9833,                 0.5854,                 1.4367,                0.61003,                 1.1597,              0.0016139,              0.0016139,              0.0016139
                     41,                  1.313,                0.59542,                 1.1312,                0.96363,                   0.96,                 0.9881,                0.58587,                 1.4672,                0.58509,                 1.1398,               0.001604,               0.001604,               0.001604
                     42,                 1.2938,                0.59754,                 1.1097,                0.97138,                0.96971,                0.99246,                0.59209,                 1.4286,                0.54659,                 1.1603,              0.0015941,              0.0015941,              0.0015941
                     43,                 1.2635,                0.58905,                 1.1077,                0.93751,                0.97714,                0.98865,                0.57285,                 1.4874,                0.54569,                 1.1886,              0.0015842,              0.0015842,              0.0015842
                     44,                 1.2591,                0.58182,                 1.1068,                0.96882,                   0.96,                0.99074,                0.59018,                  1.479,                0.53415,                 1.1663,              0.0015743,              0.0015743,              0.0015743
                     45,                 1.2496,                0.57218,                  1.101,                0.96053,                0.97332,                0.99067,                 0.6038,                  1.436,                 0.5429,                 1.1571,              0.0015644,              0.0015644,              0.0015644
                     46,                 1.2998,                0.58662,                  1.123,                0.94334,                0.96571,                0.97676,                0.59226,                 1.4645,                0.54075,                  1.152,              0.0015545,              0.0015545,              0.0015545
                     47,                 1.2901,                0.58628,                 1.1205,                0.94988,                0.97471,                0.98896,                 0.5902,                 1.4855,                0.57142,                  1.187,              0.0015446,              0.0015446,              0.0015446
                     48,                 1.2561,                0.56895,                 1.0926,                0.96631,                0.98857,                0.98902,                0.57982,                 1.4457,                0.53348,                 1.1696,              0.0015347,              0.0015347,              0.0015347
                     49,                 1.2642,                 0.5661,                 1.0878,                0.94409,                0.98286,                0.98882,                0.56438,                 1.4345,                0.56308,                 1.1557,              0.0015248,              0.0015248,              0.0015248
                     50,                 1.2629,                0.57405,                 1.0992,                 0.9712,                0.96356,                0.98918,                0.55082,                 1.5026,                0.57191,                 1.2021,              0.0015149,              0.0015149,              0.0015149
                     51,                 1.2961,                0.57952,                 1.1165,                0.95969,                0.95229,                0.98116,                0.57688,                 1.4178,                0.55753,                 1.1606,               0.001505,               0.001505,               0.001505
                     52,                 1.2301,                0.56017,                 1.1049,                0.94973,                0.98286,                0.98733,                0.57384,                 1.4375,                0.54177,                 1.1887,              0.0014951,              0.0014951,              0.0014951
                     53,                 1.2165,                0.54543,                 1.0875,                0.95549,                0.98137,                0.99135,                  0.571,                 1.4589,                0.53623,                 1.1998,              0.0014852,              0.0014852,              0.0014852
                     54,                 1.2345,                0.55776,                 1.0965,                0.96844,                0.96571,                0.98255,                0.57304,                 1.4729,                0.54107,                 1.1923,              0.0014753,              0.0014753,              0.0014753
                     55,                 1.2164,                0.54645,                 1.0943,                 0.9708,                   0.96,                0.98395,                0.58062,                 1.4425,                0.55924,                 1.1755,              0.0014654,              0.0014654,              0.0014654
                     56,                 1.2109,                0.55249,                 1.0917,                0.97708,                0.97437,                0.99125,                0.55911,                 1.4634,                0.54105,                 1.1994,              0.0014555,              0.0014555,              0.0014555
                     57,                 1.2223,                0.55908,                 1.0942,                0.97984,                   0.96,                0.99055,                0.57432,                 1.4614,                0.52784,                 1.1994,              0.0014456,              0.0014456,              0.0014456
                     58,                 1.2297,                0.54112,                 1.0976,                0.97728,                  0.983,                0.99272,                0.56588,                 1.4806,                0.54582,                 1.2388,              0.0014357,              0.0014357,              0.0014357
                     59,                 1.2333,                0.55277,                 1.1066,                 0.9658,                 0.9681,                0.99039,                0.58156,                 1.5271,                0.55297,                 1.2347,              0.0014258,              0.0014258,              0.0014258
                     60,                 1.2066,                0.54711,                 1.0862,                0.96151,                0.99912,                0.99025,                0.56272,                  1.466,                0.55444,                 1.2192,              0.0014159,              0.0014159,              0.0014159
                     61,                 1.2247,                0.54659,                 1.1017,                0.97606,                0.99429,                0.99336,                0.56655,                 1.4955,                0.55456,                 1.2343,               0.001406,               0.001406,               0.001406
                     62,                 1.1966,                0.54223,                 1.0913,                 0.9559,                0.99084,                0.99085,                0.57396,                 1.5003,                0.54171,                 1.2321,              0.0013961,              0.0013961,              0.0013961
                     63,                 1.1755,                0.54014,                 1.0705,                0.97351,                   0.96,                0.99096,                0.56964,                 1.4848,                0.53997,                 1.2053,              0.0013862,              0.0013862,              0.0013862
                     64,                 1.1823,                0.53349,                 1.0775,                 0.9586,                0.98857,                0.99303,                0.57532,                 1.5374,                 0.5272,                  1.246,              0.0013763,              0.0013763,              0.0013763
                     65,                 1.1676,                0.51879,                 1.0766,                0.97925,                0.99429,                0.99413,                0.58964,                 1.5131,                0.54653,                 1.2408,              0.0013664,              0.0013664,              0.0013664
                     66,                 1.1905,                0.52908,                 1.1006,                0.96058,                0.97477,                0.99022,                0.60675,                 1.4658,                 0.5427,                 1.2028,              0.0013565,              0.0013565,              0.0013565
                     67,                 1.1949,                 0.5271,                 1.0718,                0.97738,                0.98761,                0.99077,                0.60821,                 1.4838,                0.53705,                 1.2062,              0.0013466,              0.0013466,              0.0013466
                     68,                 1.1527,                0.53409,                 1.0609,                0.93938,                0.98286,                0.98773,                0.59734,                 1.5004,                0.51007,                 1.1769,              0.0013367,              0.0013367,              0.0013367
                     69,                 1.1633,                0.51221,                  1.071,                0.95271,                0.96571,                0.98602,                0.60255,                 1.4638,                0.52804,                  1.163,              0.0013268,              0.0013268,              0.0013268
                     70,                 1.1506,                0.52477,                 1.0602,                0.96645,                0.98763,                0.99306,                0.59924,                 1.4581,                 0.5033,                 1.1924,              0.0013169,              0.0013169,              0.0013169
                     71,                 1.1541,                0.51882,                 1.0755,                0.95592,                0.99146,                0.99164,                0.58196,                 1.4694,                0.52846,                 1.2112,               0.001307,               0.001307,               0.001307
                     72,                 1.1532,                 0.5095,                 1.0523,                0.95521,                0.97497,                0.99145,                0.58195,                 1.5338,                0.56396,                 1.2546,              0.0012971,              0.0012971,              0.0012971
                     73,                 1.1455,                0.51577,                 1.0586,                0.95448,                0.97143,                0.98383,                0.57958,                 1.4844,                0.55316,                 1.1944,              0.0012872,              0.0012872,              0.0012872
                     74,                 1.1761,                0.52494,                 1.0789,                  0.938,                0.95097,                0.97451,                0.57603,                 1.5067,                0.53571,                 1.2286,              0.0012773,              0.0012773,              0.0012773
                     75,                 1.1455,                0.51164,                 1.0433,                0.95807,                0.95429,                 0.9737,                0.58588,                 1.5029,                0.52202,                 1.2088,              0.0012674,              0.0012674,              0.0012674
                     76,                 1.1691,                0.51487,                 1.0764,                0.95837,                0.96571,                0.97689,                0.58322,                 1.4728,                0.51717,                 1.1735,              0.0012575,              0.0012575,              0.0012575
                     77,                 1.1253,                0.49256,                 1.0341,                  0.976,                0.96571,                0.98499,                0.59306,                 1.4415,                0.49277,                 1.1827,              0.0012476,              0.0012476,              0.0012476
                     78,                 1.1475,                 0.5015,                 1.0648,                0.98709,                0.97714,                0.98904,                0.57457,                 1.4824,                0.51079,                 1.1929,              0.0012377,              0.0012377,              0.0012377
                     79,                 1.1095,                0.50169,                 1.0441,                 0.9885,                0.98231,                0.99286,                0.58443,                 1.5044,                0.51775,                 1.2286,              0.0012278,              0.0012278,              0.0012278
                     80,                 1.1085,                0.49218,                 1.0315,                 0.9739,                0.97714,                 0.9911,                0.59545,                 1.4916,                0.52254,                 1.1946,              0.0012179,              0.0012179,              0.0012179
                     81,                  1.083,                 0.4948,                 1.0312,                0.97887,                0.97714,                0.99275,                0.58857,                 1.4993,                0.52666,                 1.2141,               0.001208,               0.001208,               0.001208
                     82,                 1.0864,                0.48187,                 1.0255,                0.96828,                0.97143,                0.98403,                0.58856,                  1.445,                0.51282,                 1.1836,              0.0011981,              0.0011981,              0.0011981
                     83,                 1.0866,                0.47704,                 1.0413,                0.95475,                0.96466,                0.98131,                0.58068,                 1.5148,                0.52278,                 1.2053,              0.0011882,              0.0011882,              0.0011882
                     84,                 1.1106,                0.48883,                 1.0438,                0.97652,                0.97143,                 0.9869,                0.57871,                 1.4445,                0.49068,                 1.1902,              0.0011783,              0.0011783,              0.0011783
                     85,                  1.096,                0.48359,                 1.0256,                0.98949,                0.95429,                0.98687,                0.57975,                 1.4748,                 0.4988,                 1.2067,              0.0011684,              0.0011684,              0.0011684
                     86,                  1.082,                 0.4761,                 1.0349,                0.97143,                0.97136,                0.99131,                0.59121,                 1.4324,                0.49736,                 1.1864,              0.0011585,              0.0011585,              0.0011585
                     87,                 1.0904,                  0.491,                 1.0337,                0.98113,                0.97714,                0.98953,                0.59079,                 1.5116,                0.50896,                 1.2422,              0.0011486,              0.0011486,              0.0011486
                     88,                 1.0684,                0.49133,                 1.0325,                0.98093,                0.97714,                0.99146,                0.59288,                 1.4212,                0.49691,                 1.1837,              0.0011387,              0.0011387,              0.0011387
                     89,                 1.0721,                0.48484,                 1.0367,                0.97712,                0.97619,                 0.9919,                0.60147,                 1.4694,                0.51344,                 1.2076,              0.0011288,              0.0011288,              0.0011288
                     90,                 1.0748,                0.48367,                 1.0344,                0.98795,                0.98857,                 0.9941,                0.61328,                 1.4273,                0.48766,                 1.1796,              0.0011189,              0.0011189,              0.0011189
                     91,                 1.1151,                0.49413,                 1.0622,                0.96981,                0.98857,                0.99283,                 0.6103,                 1.4741,                 0.4995,                 1.2069,               0.001109,               0.001109,               0.001109
                     92,                 1.0619,                0.48206,                 1.0238,                0.97348,                0.96571,                0.98552,                0.60729,                 1.4712,                0.49365,                 1.1917,              0.0010991,              0.0010991,              0.0010991
                     93,                 1.0663,                0.47922,                 1.0308,                0.98021,                0.98286,                 0.9932,                0.60306,                 1.4729,                0.48381,                 1.1994,              0.0010892,              0.0010892,              0.0010892
                     94,                 1.0373,                0.46334,                 1.0168,                0.97896,                0.97143,                0.98857,                 0.5916,                 1.4707,                0.48599,                 1.1876,              0.0010793,              0.0010793,              0.0010793
                     95,                0.99245,                0.45258,                 1.0035,                0.94807,                0.96571,                0.97496,                 0.5701,                 1.5531,                0.52241,                 1.2006,              0.0010694,              0.0010694,              0.0010694
                     96,                 1.0139,                0.46255,                 1.0087,                0.96584,                0.96936,                0.98253,                0.57881,                 1.4934,                0.52289,                 1.2168,              0.0010595,              0.0010595,              0.0010595
                     97,                 1.0308,                0.46605,                 1.0189,                0.96018,                0.96446,                0.97762,                0.58532,                 1.5124,                 0.5054,                 1.2148,              0.0010496,              0.0010496,              0.0010496
                     98,                 1.0466,                0.46458,                 1.0227,                0.97328,                0.94857,                0.98436,                0.58697,                 1.4814,                0.50402,                 1.2306,              0.0010397,              0.0010397,              0.0010397
                     99,                 1.0528,                0.45892,                 1.0426,                0.97665,                0.97714,                0.98708,                0.57805,                 1.4734,                0.49991,                 1.2266,              0.0010298,              0.0010298,              0.0010298
                    100,                 1.0695,                0.45963,                 1.0414,                0.96045,                0.97145,                0.98591,                0.58525,                  1.496,                0.49775,                  1.214,              0.0010199,              0.0010199,              0.0010199
                    101,                 1.0486,                0.46948,                 1.0166,                0.97615,                0.95429,                0.99168,                 0.5906,                 1.5193,                0.50818,                 1.2253,                0.00101,                0.00101,                0.00101
                    102,                  1.019,                0.46019,                 1.0232,                0.96593,                0.97714,                 0.9903,                0.58796,                 1.4482,                0.48666,                 1.1932,              0.0010001,              0.0010001,              0.0010001
                    103,                 1.0351,                0.44974,                 1.0015,                0.95503,                0.97079,                0.97655,                0.58403,                 1.5212,                0.50294,                 1.2127,              0.0009902,              0.0009902,              0.0009902
                    104,                 1.0094,                0.45187,                 1.0079,                0.97146,                0.97714,                0.98476,                0.58752,                 1.5177,                 0.5018,                 1.2103,              0.0009803,              0.0009803,              0.0009803
                    105,                 1.0298,                 0.4608,                 1.0181,                0.96641,                0.97714,                0.99159,                 0.5992,                 1.4637,                0.49839,                 1.2019,              0.0009704,              0.0009704,              0.0009704
                    106,                 1.0104,                0.45284,                 1.0027,                0.96335,                0.97714,                0.98683,                0.60436,                 1.4849,                0.50424,                 1.2011,              0.0009605,              0.0009605,              0.0009605
                    107,                 1.0069,                0.45945,                0.99809,                0.97499,                0.97143,                  0.977,                0.57868,                 1.5192,                0.50869,                 1.2202,              0.0009506,              0.0009506,              0.0009506
                    108,                 1.0044,                0.45347,                 1.0028,                0.97948,                0.97714,                0.98931,                0.58737,                 1.5429,                0.52695,                 1.2475,              0.0009407,              0.0009407,              0.0009407
                    109,                0.98604,                 0.4478,                0.99825,                 0.9774,                0.98286,                0.99345,                0.59185,                 1.5298,                0.52582,                 1.2541,              0.0009308,              0.0009308,              0.0009308
                    110,                0.98061,                0.44393,                0.99239,                0.98257,                0.96612,                0.98759,                 0.5834,                 1.5161,                0.52389,                 1.2603,              0.0009209,              0.0009209,              0.0009209
                    111,                 1.0064,                0.45339,                 1.0085,                0.98837,                0.97134,                0.98747,                0.59222,                 1.4884,                0.50389,                 1.2301,               0.000911,               0.000911,               0.000911
                    112,                0.95825,                0.44374,                0.98969,                 0.9753,                0.97143,                0.98523,                0.59162,                 1.4751,                0.50419,                 1.2358,              0.0009011,              0.0009011,              0.0009011
                    113,                0.99126,                0.44497,                0.99571,                 0.9657,                0.97143,                0.98592,                0.59859,                 1.4631,                 0.5038,                 1.2076,              0.0008912,              0.0008912,              0.0008912
                    114,                0.97802,                0.44577,                 0.9943,                 0.9574,                0.96571,                0.98168,                0.59042,                 1.5145,                0.51514,                 1.2225,              0.0008813,              0.0008813,              0.0008813
                    115,                0.98638,                0.45079,                 1.0024,                0.97656,                0.95215,                0.97855,                0.57953,                 1.4871,                0.50714,                 1.2165,              0.0008714,              0.0008714,              0.0008714
                    116,                0.98826,                0.44157,                 1.0057,                0.98837,                0.97114,                0.99133,                0.59412,                 1.4756,                0.50656,                 1.2067,              0.0008615,              0.0008615,              0.0008615
                    117,                0.95699,                0.43997,                0.98227,                0.97693,                 0.9678,                 0.9919,                 0.6037,                 1.4777,                0.51099,                  1.227,              0.0008516,              0.0008516,              0.0008516
                    118,                0.94984,                0.44044,                 0.9877,                0.97954,                0.97143,                0.98794,                0.59782,                 1.4595,                 0.4865,                 1.2158,              0.0008417,              0.0008417,              0.0008417
                    119,                0.95282,                0.42838,                 0.9801,                0.97545,                0.97143,                 0.9786,                0.59007,                 1.4943,                0.50674,                 1.2294,              0.0008318,              0.0008318,              0.0008318
                    120,                0.94757,                0.43788,                0.97369,                 0.9861,                0.97714,                0.98965,                0.59256,                 1.4707,                0.50645,                  1.208,              0.0008219,              0.0008219,              0.0008219
                    121,                0.93863,                 0.4271,                0.97428,                0.98211,                0.97714,                0.99219,                0.59025,                 1.4616,                0.49594,                 1.2092,               0.000812,               0.000812,               0.000812
                    122,                0.97496,                0.43789,                0.98258,                0.97694,                0.96825,                0.98544,                0.58734,                 1.4401,                0.47462,                 1.2015,              0.0008021,              0.0008021,              0.0008021
                    123,                0.92036,                0.42319,                0.97054,                0.97697,                0.96956,                0.98561,                0.58262,                 1.4607,                0.48788,                 1.1963,              0.0007922,              0.0007922,              0.0007922
                    124,                0.92671,                0.42129,                0.97308,                0.97675,                0.97714,                0.99134,                0.58277,                 1.4789,                0.49581,                  1.233,              0.0007823,              0.0007823,              0.0007823
                    125,                0.91665,                0.42746,                0.96426,                0.97904,                0.96571,                0.98115,                0.58674,                 1.4704,                0.49727,                 1.2216,              0.0007724,              0.0007724,              0.0007724
                    126,                0.92595,                0.42581,                0.98271,                0.97556,                0.97143,                0.98403,                0.59291,                 1.4936,                0.49098,                 1.2248,              0.0007625,              0.0007625,              0.0007625
                    127,                0.90963,                0.41269,                0.97634,                 0.9785,                0.96571,                0.98322,                0.58398,                 1.4902,                0.49922,                 1.2265,              0.0007526,              0.0007526,              0.0007526
                    128,                0.92384,                0.43198,                 0.9639,                0.97681,                0.96294,                0.98424,                0.58675,                 1.4841,                0.49064,                  1.238,              0.0007427,              0.0007427,              0.0007427
                    129,                0.91762,                0.42704,                0.97326,                0.98255,                0.96502,                0.98563,                0.57627,                 1.4705,                0.47685,                 1.2174,              0.0007328,              0.0007328,              0.0007328
                    130,                 0.9278,                0.43125,                0.96296,                0.98145,                0.96571,                0.99061,                0.57914,                 1.4822,                0.48717,                 1.2156,              0.0007229,              0.0007229,              0.0007229
                    131,                0.88658,                0.41177,                0.95897,                0.98085,                0.97143,                0.99089,                0.58342,                 1.4639,                0.47778,                 1.2078,               0.000713,               0.000713,               0.000713
                    132,                0.92698,                0.41671,                0.98146,                0.96646,                 0.9878,                0.99095,                0.58644,                 1.4883,                0.49739,                 1.2119,              0.0007031,              0.0007031,              0.0007031
                    133,                0.91148,                 0.4224,                0.96575,                0.98836,                0.97038,                0.99363,                0.59191,                 1.4782,                0.49175,                 1.2041,              0.0006932,              0.0006932,              0.0006932
                    134,                0.93891,                0.42768,                0.97055,                0.97762,                0.97143,                0.99255,                0.58818,                 1.5023,                0.49364,                 1.2104,              0.0006833,              0.0006833,              0.0006833
                    135,                0.88855,                0.41862,                0.95921,                 0.9755,                0.98286,                0.99006,                0.58524,                 1.4942,                0.48766,                 1.2136,              0.0006734,              0.0006734,              0.0006734
                    136,                0.85732,                 0.4083,                  0.952,                0.96952,                0.95429,                0.97782,                0.57562,                 1.5129,                0.49461,                 1.2306,              0.0006635,              0.0006635,              0.0006635
                    137,                0.87642,                0.40753,                0.95626,                0.97527,                   0.96,                0.98281,                0.57956,                 1.4821,                0.48792,                 1.2232,              0.0006536,              0.0006536,              0.0006536
                    138,                0.85411,                0.40508,                0.93972,                0.97153,                0.97482,                0.98469,                0.57775,                 1.4801,                0.48908,                 1.2354,              0.0006437,              0.0006437,              0.0006437
                    139,                0.85908,                0.40499,                0.94739,                0.98271,                0.97436,                0.99267,                0.58627,                 1.4937,                0.49475,                 1.2467,              0.0006338,              0.0006338,              0.0006338
                    140,                0.87772,                0.40464,                0.95709,                0.98269,                0.97307,                0.98893,                0.57847,                 1.5014,                0.48552,                 1.2422,              0.0006239,              0.0006239,              0.0006239
                    141,                0.85555,                0.40367,                0.94521,                0.98618,                0.97143,                0.98712,                0.58688,                 1.4806,                0.49024,                 1.2333,               0.000614,               0.000614,               0.000614
                    142,                0.84585,                0.40562,                0.93915,                0.96628,                0.98262,                 0.9905,                0.57431,                 1.4725,                0.49891,                 1.2454,              0.0006041,              0.0006041,              0.0006041
                    143,                0.87812,                0.40355,                0.96249,                0.97645,                0.98286,                0.99261,                0.59103,                 1.4535,                  0.482,                 1.2281,              0.0005942,              0.0005942,              0.0005942
                    144,                0.85694,                0.40173,                0.94178,                0.99421,                0.98101,                0.99415,                0.58949,                 1.4916,                 0.4828,                 1.2572,              0.0005843,              0.0005843,              0.0005843
                    145,                0.88299,                0.40423,                0.96238,                0.98287,                0.98364,                0.99408,                0.59539,                 1.4909,                 0.4949,                 1.2488,              0.0005744,              0.0005744,              0.0005744
                    146,                  0.858,                0.39737,                 0.9503,                0.97751,                0.99345,                0.99344,                0.59958,                   1.49,                0.49308,                 1.2409,              0.0005645,              0.0005645,              0.0005645
                    147,                0.86324,                0.40135,                0.95756,                0.97726,                0.98242,                0.98997,                0.59377,                 1.4798,                0.48089,                 1.2226,              0.0005546,              0.0005546,              0.0005546
                    148,                0.82319,                0.39184,                0.94297,                0.96545,                0.97143,                0.98772,                0.59623,                 1.4701,                0.46535,                  1.217,              0.0005447,              0.0005447,              0.0005447
                    149,                0.84459,                0.38678,                 0.9449,                0.96019,                 0.9647,                0.98734,                 0.6024,                 1.4472,                0.46893,                 1.2154,              0.0005348,              0.0005348,              0.0005348
                    150,                0.83912,                0.39321,                0.94569,                0.97714,                0.97707,                0.99127,                0.61031,                 1.4747,                0.48403,                 1.2261,              0.0005249,              0.0005249,              0.0005249
                    151,                0.85455,                0.39894,                0.94968,                  0.976,                0.96571,                 0.9862,                0.59786,                 1.4915,                0.48344,                 1.2503,               0.000515,               0.000515,               0.000515
                    152,                0.82648,                0.39828,                0.93591,                0.97634,                0.96571,                0.98456,                0.59624,                 1.4749,                0.49611,                 1.2476,              0.0005051,              0.0005051,              0.0005051
                    153,                0.83231,                0.38612,                0.93519,                 0.9819,                0.97714,                0.99087,                0.58978,                 1.4789,                0.50713,                  1.252,              0.0004952,              0.0004952,              0.0004952
                    154,                0.83251,                0.39293,                0.94216,                0.98181,                0.97714,                0.98732,                0.59389,                 1.4792,                0.48536,                 1.2426,              0.0004853,              0.0004853,              0.0004853
                    155,                0.81215,                0.38661,                0.94101,                0.97007,                0.96571,                 0.9862,                0.58882,                 1.4809,                0.48359,                 1.2274,              0.0004754,              0.0004754,              0.0004754
                    156,                0.81444,                0.38733,                0.93488,                0.98292,                 0.9864,                0.99304,                0.59379,                 1.4703,                0.47157,                 1.2346,              0.0004655,              0.0004655,              0.0004655
                    157,                 0.8224,                0.38931,                0.94041,                  0.977,                0.97092,                0.98848,                0.59182,                 1.4662,                0.47062,                 1.2383,              0.0004556,              0.0004556,              0.0004556
                    158,                0.81614,                0.38262,                0.93832,                0.96996,                0.98286,                0.98953,                0.59318,                 1.4821,                0.48927,                 1.2533,              0.0004457,              0.0004457,              0.0004457
                    159,                0.81326,                0.37938,                0.93924,                0.97137,                0.96943,                 0.9888,                0.59951,                  1.483,                0.47869,                 1.2431,              0.0004358,              0.0004358,              0.0004358
                    160,                0.81169,                0.38643,                0.93837,                0.97124,                0.96501,                0.98839,                0.59863,                   1.49,                0.48854,                 1.2521,              0.0004259,              0.0004259,              0.0004259
                    161,                0.79639,                0.38061,                 0.9337,                0.97713,                0.97649,                0.98694,                0.60383,                 1.4708,                0.47672,                 1.2371,               0.000416,               0.000416,               0.000416
                    162,                0.79061,                0.37304,                0.92738,                0.97684,                0.98286,                0.99064,                0.60325,                 1.4569,                0.47227,                 1.2362,              0.0004061,              0.0004061,              0.0004061
                    163,                0.78883,                0.36945,                0.92588,                0.97636,                0.98286,                0.99189,                0.59654,                 1.4486,                0.47546,                 1.2269,              0.0003962,              0.0003962,              0.0003962
                    164,                0.83181,                0.38217,                0.94088,                0.97157,                0.97656,                0.98789,                0.59664,                 1.4833,                0.47788,                 1.2315,              0.0003863,              0.0003863,              0.0003863
                    165,                 0.7874,                0.36983,                0.93135,                0.97537,                0.97143,                0.98827,                0.59007,                  1.479,                0.48109,                 1.2417,              0.0003764,              0.0003764,              0.0003764
                    166,                0.76888,                0.36485,                0.91961,                0.97733,                0.97143,                0.98773,                0.59299,                  1.493,                0.49348,                 1.2388,              0.0003665,              0.0003665,              0.0003665
                    167,                0.80913,                0.38115,                0.94376,                0.97876,                0.98286,                0.98991,                0.58979,                 1.4688,                0.47952,                 1.2293,              0.0003566,              0.0003566,              0.0003566
                    168,                0.79793,                0.37636,                0.92804,                0.97528,                0.97143,                 0.9879,                0.59406,                 1.4492,                0.46492,                 1.2064,              0.0003467,              0.0003467,              0.0003467
                    169,                0.79339,                0.37151,                0.92651,                0.97726,                 0.9821,                0.98985,                0.59625,                 1.4524,                0.46584,                 1.2058,              0.0003368,              0.0003368,              0.0003368
                    170,                 0.7799,                0.36515,                0.94131,                0.97684,                0.96422,                 0.9879,                0.59041,                 1.4631,                0.47359,                 1.2215,              0.0003269,              0.0003269,              0.0003269
                    171,                0.76506,                0.36361,                0.92025,                0.98265,                0.97066,                0.98852,                 0.5937,                 1.4808,                0.48577,                 1.2243,               0.000317,               0.000317,               0.000317
                    172,                0.76001,                0.36628,                0.92621,                0.96109,                0.99429,                0.99357,                0.59341,                 1.4791,                0.49591,                 1.2384,              0.0003071,              0.0003071,              0.0003071
                    173,                  0.768,                0.36283,                0.92624,                0.98294,                0.98799,                0.99407,                0.59514,                 1.4673,                0.48831,                 1.2306,              0.0002972,              0.0002972,              0.0002972
                    174,                0.79057,                0.36565,                0.92511,                0.98104,                0.98286,                0.98939,                0.59805,                 1.4629,                0.48923,                 1.2299,              0.0002873,              0.0002873,              0.0002873
                    175,                0.80701,                0.38143,                0.93415,                0.97513,                0.98286,                 0.9919,                0.59247,                 1.4734,                0.48723,                 1.2442,              0.0002774,              0.0002774,              0.0002774
                    176,                0.76164,                0.36158,                0.92602,                0.98275,                0.97648,                0.98786,                0.58849,                 1.4856,                0.47962,                 1.2404,              0.0002675,              0.0002675,              0.0002675
                    177,                0.76645,                0.36437,                0.91128,                0.97681,                0.98286,                0.98726,                0.58636,                 1.4815,                0.48475,                 1.2427,              0.0002576,              0.0002576,              0.0002576
                    178,                0.78417,                0.36983,                0.91867,                0.97658,                0.98286,                0.98714,                0.59341,                 1.4779,                0.48706,                 1.2415,              0.0002477,              0.0002477,              0.0002477
                    179,                0.78595,                0.36822,                0.91741,                0.98284,                0.98169,                0.98787,                0.59135,                 1.4693,                0.48829,                 1.2366,              0.0002378,              0.0002378,              0.0002378
                    180,                0.75645,                0.36112,                 0.9117,                0.98183,                0.97714,                0.98847,                0.59985,                 1.4673,                0.48297,                 1.2351,              0.0002279,              0.0002279,              0.0002279
                    181,                 0.7428,                0.36229,                0.90714,                0.97711,                0.97574,                0.99126,                0.59429,                 1.4772,                0.48495,                 1.2326,               0.000218,               0.000218,               0.000218
                    182,                0.73265,                0.35174,                0.91546,                0.97646,                0.97143,                0.99182,                0.59379,                 1.4829,                0.48225,                 1.2331,              0.0002081,              0.0002081,              0.0002081
                    183,                 0.7539,                0.35038,                0.91267,                0.98087,                0.97143,                0.99111,                0.58968,                 1.4738,                0.48229,                 1.2374,              0.0001982,              0.0001982,              0.0001982
                    184,                 0.7282,                0.35601,                0.91438,                0.97168,                0.98035,                 0.9897,                0.59355,                 1.4808,                0.48477,                 1.2422,              0.0001883,              0.0001883,              0.0001883
                    185,                0.75863,                0.36377,                0.92683,                0.97172,                0.98173,                0.98936,                0.59634,                 1.4752,                0.48211,                 1.2367,              0.0001784,              0.0001784,              0.0001784
                    186,                0.72295,                0.34905,                0.90465,                0.97098,                0.98286,                0.99082,                0.59994,                 1.4671,                0.48288,                 1.2356,              0.0001685,              0.0001685,              0.0001685
                    187,                0.73575,                 0.3626,                0.91271,                0.97447,                0.98286,                0.99196,                0.59704,                 1.4674,                 0.4881,                 1.2438,              0.0001586,              0.0001586,              0.0001586
                    188,                0.71525,                0.34835,                0.91525,                0.97032,                0.98286,                0.99128,                0.59184,                 1.4572,                0.48376,                 1.2354,              0.0001487,              0.0001487,              0.0001487
                    189,                0.74914,                0.35497,                0.91661,                0.96612,                0.98286,                0.98837,                0.59506,                 1.4516,                0.48459,                 1.2285,              0.0001388,              0.0001388,              0.0001388
                    190,                0.73314,                0.36061,                0.90708,                0.97387,                0.97143,                0.98769,                0.60349,                 1.4496,                0.48252,                  1.231,              0.0001289,              0.0001289,              0.0001289
